"","Ano","Region","sector","GDP","region13","GDP2","MP"
"1","2013","I","Agricultura",2,1,3214,7.64532742998986
"2","2013","I","Pesca",44,1,3214,7.64532742998986
"3","2013","I","Mineria",1128,1,3214,7.64532742998986
"4","2013","I","Manufactura",219,1,3214,7.64532742998986
"5","2013","I","EGA",47,1,3214,7.64532742998986
"6","2013","I","Construccion",265,1,3214,7.64532742998986
"7","2013","I","Com/Rest/Hoteles",370,1,3214,7.64532742998986
"8","2013","I","Transp/Com",219,1,3214,7.64532742998986
"9","2013","I","SsFinanEmp",335,1,3214,7.64532742998986
"10","2013","I","SsVivienda",148,1,3214,7.64532742998986
"11","2013","I","SsPersonales",266,1,3214,7.64532742998986
"12","2013","I","AdmPublica",171,1,3214,7.64532742998986
"13","2013","II","Agricultura",3,2,13842,32.9267648680522
"14","2013","II","Pesca",18,2,13842,32.9267648680522
"15","2013","II","Mineria",7380,2,13842,32.9267648680522
"16","2013","II","Manufactura",794,2,13842,32.9267648680522
"17","2013","II","EGA",401,2,13842,32.9267648680522
"18","2013","II","Construccion",1558,2,13842,32.9267648680522
"19","2013","II","Com/Rest/Hoteles",473,2,13842,32.9267648680522
"20","2013","II","Transp/Com",631,2,13842,32.9267648680522
"21","2013","II","SsFinanEmp",1522,2,13842,32.9267648680522
"22","2013","II","SsVivienda",268,2,13842,32.9267648680522
"23","2013","II","SsPersonales",597,2,13842,32.9267648680522
"24","2013","II","AdmPublica",197,2,13842,32.9267648680522
"25","2013","III","Agricultura",67,3,3736,4.37855241676006
"26","2013","III","Pesca",19,3,3736,4.37855241676006
"27","2013","III","Mineria",1375,3,3736,4.37855241676006
"28","2013","III","Manufactura",67,3,3736,4.37855241676006
"29","2013","III","EGA",169,3,3736,4.37855241676006
"30","2013","III","Construccion",762,3,3736,4.37855241676006
"31","2013","III","Com/Rest/Hoteles",155,3,3736,4.37855241676006
"32","2013","III","Transp/Com",155,3,3736,4.37855241676006
"33","2013","III","SsFinanEmp",518,3,3736,4.37855241676006
"34","2013","III","SsVivienda",128,3,3736,4.37855241676006
"35","2013","III","SsPersonales",197,3,3736,4.37855241676006
"36","2013","III","AdmPublica",124,3,3736,4.37855241676006
"37","2013","IV","Agricultura",232,4,3990,3.26391427986996
"38","2013","IV","Pesca",14,4,3990,3.26391427986996
"39","2013","IV","Mineria",1282,4,3990,3.26391427986996
"40","2013","IV","Manufactura",98,4,3990,3.26391427986996
"41","2013","IV","EGA",49,4,3990,3.26391427986996
"42","2013","IV","Construccion",328,4,3990,3.26391427986996
"43","2013","IV","Com/Rest/Hoteles",318,4,3990,3.26391427986996
"44","2013","IV","Transp/Com",257,4,3990,3.26391427986996
"45","2013","IV","SsFinanEmp",436,4,3990,3.26391427986996
"46","2013","IV","SsVivienda",292,4,3990,3.26391427986996
"47","2013","IV","SsPersonales",473,4,3990,3.26391427986996
"48","2013","IV","AdmPublica",211,4,3990,3.26391427986996
"49","2013","V","Agricultura",379,5,11378,7.77749270527742
"50","2013","V","Pesca",11,5,11378,7.77749270527742
"51","2013","V","Mineria",1176,5,11378,7.77749270527742
"52","2013","V","Manufactura",2040,5,11378,7.77749270527742
"53","2013","V","EGA",578,5,11378,7.77749270527742
"54","2013","V","Construccion",772,5,11378,7.77749270527742
"55","2013","V","Com/Rest/Hoteles",798,5,11378,7.77749270527742
"56","2013","V","Transp/Com",1441,5,11378,7.77749270527742
"57","2013","V","SsFinanEmp",1083,5,11378,7.77749270527742
"58","2013","V","SsVivienda",1091,5,11378,7.77749270527742
"59","2013","V","SsPersonales",1370,5,11378,7.77749270527742
"60","2013","V","AdmPublica",639,5,11378,7.77749270527742
"61","2013","VI","Agricultura",752,6,6110,3.711987946896
"62","2013","VI","Pesca",1,6,6110,3.711987946896
"63","2013","VI","Mineria",1385,6,6110,3.711987946896
"64","2013","VI","Manufactura",707,6,6110,3.711987946896
"65","2013","VI","EGA",152,6,6110,3.711987946896
"66","2013","VI","Construccion",508,6,6110,3.711987946896
"67","2013","VI","Com/Rest/Hoteles",451,6,6110,3.711987946896
"68","2013","VI","Transp/Com",293,6,6110,3.711987946896
"69","2013","VI","SsFinanEmp",560,6,6110,3.711987946896
"70","2013","VI","SsVivienda",375,6,6110,3.711987946896
"71","2013","VI","SsPersonales",705,6,6110,3.711987946896
"72","2013","VI","AdmPublica",221,6,6110,3.711987946896
"73","2013","VII","Agricultura",555,7,4232,2.37746691704394
"74","2013","VII","Pesca",2,7,4232,2.37746691704394
"75","2013","VII","Mineria",54,7,4232,2.37746691704394
"76","2013","VII","Manufactura",581,7,4232,2.37746691704394
"77","2013","VII","EGA",297,7,4232,2.37746691704394
"78","2013","VII","Construccion",392,7,4232,2.37746691704394
"79","2013","VII","Com/Rest/Hoteles",339,7,4232,2.37746691704394
"80","2013","VII","Transp/Com",315,7,4232,2.37746691704394
"81","2013","VII","SsFinanEmp",333,7,4232,2.37746691704394
"82","2013","VII","SsVivienda",401,7,4232,2.37746691704394
"83","2013","VII","SsPersonales",672,7,4232,2.37746691704394
"84","2013","VII","AdmPublica",291,7,4232,2.37746691704394
"85","2013","VIII","Agricultura",629,8,9735,4.96253706762721
"86","2013","VIII","Pesca",69,8,9735,4.96253706762721
"87","2013","VIII","Mineria",3,8,9735,4.96253706762721
"88","2013","VIII","Manufactura",2125,8,9735,4.96253706762721
"89","2013","VIII","EGA",678,8,9735,4.96253706762721
"90","2013","VIII","Construccion",722,8,9735,4.96253706762721
"91","2013","VIII","Com/Rest/Hoteles",697,8,9735,4.96253706762721
"92","2013","VIII","Transp/Com",839,8,9735,4.96253706762721
"93","2013","VIII","SsFinanEmp",892,8,9735,4.96253706762721
"94","2013","VIII","SsVivienda",919,8,9735,4.96253706762721
"95","2013","VIII","SsPersonales",1524,8,9735,4.96253706762721
"96","2013","VIII","AdmPublica",638,8,9735,4.96253706762721
"97","2013","IX","Agricultura",416,9,3315,1.5635417314749
"98","2013","IX","Pesca",0,9,3315,1.5635417314749
"99","2013","IX","Mineria",0,9,3315,1.5635417314749
"100","2013","IX","Manufactura",354,9,3315,1.5635417314749
"101","2013","IX","EGA",50,9,3315,1.5635417314749
"102","2013","IX","Construccion",306,9,3315,1.5635417314749
"103","2013","IX","Com/Rest/Hoteles",289,9,3315,1.5635417314749
"104","2013","IX","Transp/Com",265,9,3315,1.5635417314749
"105","2013","IX","SsFinanEmp",296,9,3315,1.5635417314749
"106","2013","IX","SsVivienda",341,9,3315,1.5635417314749
"107","2013","IX","SsPersonales",682,9,3315,1.5635417314749
"108","2013","IX","AdmPublica",316,9,3315,1.5635417314749
"109","2013","X","Agricultura",259,10,3827,1.58322181710528
"110","2013","X","Pesca",231,10,3827,1.58322181710528
"111","2013","X","Mineria",0,10,3827,1.58322181710528
"112","2013","X","Manufactura",774,10,3827,1.58322181710528
"113","2013","X","EGA",100,10,3827,1.58322181710528
"114","2013","X","Construccion",245,10,3827,1.58322181710528
"115","2013","X","Com/Rest/Hoteles",303,10,3827,1.58322181710528
"116","2013","X","Transp/Com",364,10,3827,1.58322181710528
"117","2013","X","SsFinanEmp",365,10,3827,1.58322181710528
"118","2013","X","SsVivienda",280,10,3827,1.58322181710528
"119","2013","X","SsPersonales",608,10,3827,1.58322181710528
"120","2013","X","AdmPublica",298,10,3827,1.58322181710528
"121","2013","XI","Agricultura",13,11,727,0.242678560782172
"122","2013","XI","Pesca",173,11,727,0.242678560782172
"123","2013","XI","Mineria",34,11,727,0.242678560782172
"124","2013","XI","Manufactura",42,11,727,0.242678560782172
"125","2013","XI","EGA",5,11,727,0.242678560782172
"126","2013","XI","Construccion",48,11,727,0.242678560782172
"127","2013","XI","Com/Rest/Hoteles",43,11,727,0.242678560782172
"128","2013","XI","Transp/Com",60,11,727,0.242678560782172
"129","2013","XI","SsFinanEmp",70,11,727,0.242678560782172
"130","2013","XI","SsVivienda",40,11,727,0.242678560782172
"131","2013","XI","SsPersonales",88,11,727,0.242678560782172
"132","2013","XI","AdmPublica",111,11,727,0.242678560782172
"133","2013","XII","Agricultura",23,12,1397,0.39130487833395
"134","2013","XII","Pesca",15,12,1397,0.39130487833395
"135","2013","XII","Mineria",150,12,1397,0.39130487833395
"136","2013","XII","Manufactura",241,12,1397,0.39130487833395
"137","2013","XII","EGA",37,12,1397,0.39130487833395
"138","2013","XII","Construccion",126,12,1397,0.39130487833395
"139","2013","XII","Com/Rest/Hoteles",110,12,1397,0.39130487833395
"140","2013","XII","Transp/Com",115,12,1397,0.39130487833395
"141","2013","XII","SsFinanEmp",176,12,1397,0.39130487833395
"142","2013","XII","SsVivienda",101,12,1397,0.39130487833395
"143","2013","XII","SsPersonales",143,12,1397,0.39130487833395
"144","2013","XII","AdmPublica",160,12,1397,0.39130487833395
"145","2013","RMS","Agricultura",449,13,57907,37.3460769652142
"146","2013","RMS","Pesca",0,13,57907,37.3460769652142
"147","2013","RMS","Mineria",1148,13,57907,37.3460769652142
"148","2013","RMS","Manufactura",6812,13,57907,37.3460769652142
"149","2013","RMS","EGA",913,13,57907,37.3460769652142
"150","2013","RMS","Construccion",2784,13,57907,37.3460769652142
"151","2013","RMS","Com/Rest/Hoteles",10513,13,57907,37.3460769652142
"152","2013","RMS","Transp/Com",5578,13,57907,37.3460769652142
"153","2013","RMS","SsFinanEmp",14816,13,57907,37.3460769652142
"154","2013","RMS","SsVivienda",5209,13,57907,37.3460769652142
"155","2013","RMS","SsPersonales",7248,13,57907,37.3460769652142
"156","2013","RMS","AdmPublica",2437,13,57907,37.3460769652142
"157","2014","I","Agricultura",3,1,3475,8.266183204485
"158","2014","I","Pesca",48,1,3475,8.266183204485
"159","2014","I","Mineria",1306,1,3475,8.266183204485
"160","2014","I","Manufactura",225,1,3475,8.266183204485
"161","2014","I","EGA",50,1,3475,8.266183204485
"162","2014","I","Construccion",222,1,3475,8.266183204485
"163","2014","I","Com/Rest/Hoteles",385,1,3475,8.266183204485
"164","2014","I","Transp/Com",235,1,3475,8.266183204485
"165","2014","I","SsFinanEmp",364,1,3475,8.266183204485
"166","2014","I","SsVivienda",161,1,3475,8.266183204485
"167","2014","I","SsPersonales",289,1,3475,8.266183204485
"168","2014","I","AdmPublica",187,1,3475,8.266183204485
"169","2014","II","Agricultura",3,2,15091,35.8978333061534
"170","2014","II","Pesca",21,2,15091,35.8978333061534
"171","2014","II","Mineria",8055,2,15091,35.8978333061534
"172","2014","II","Manufactura",764,2,15091,35.8978333061534
"173","2014","II","EGA",416,2,15091,35.8978333061534
"174","2014","II","Construccion",1846,2,15091,35.8978333061534
"175","2014","II","Com/Rest/Hoteles",523,2,15091,35.8978333061534
"176","2014","II","Transp/Com",675,2,15091,35.8978333061534
"177","2014","II","SsFinanEmp",1632,2,15091,35.8978333061534
"178","2014","II","SsVivienda",293,2,15091,35.8978333061534
"179","2014","II","SsPersonales",646,2,15091,35.8978333061534
"180","2014","II","AdmPublica",217,2,15091,35.8978333061534
"181","2014","III","Agricultura",78,3,3513,4.11719877946415
"182","2014","III","Pesca",13,3,3513,4.11719877946415
"183","2014","III","Mineria",1282,3,3513,4.11719877946415
"184","2014","III","Manufactura",58,3,3513,4.11719877946415
"185","2014","III","EGA",185,3,3513,4.11719877946415
"186","2014","III","Construccion",580,3,3513,4.11719877946415
"187","2014","III","Com/Rest/Hoteles",157,3,3513,4.11719877946415
"188","2014","III","Transp/Com",155,3,3513,4.11719877946415
"189","2014","III","SsFinanEmp",516,3,3513,4.11719877946415
"190","2014","III","SsVivienda",138,3,3513,4.11719877946415
"191","2014","III","SsPersonales",215,3,3513,4.11719877946415
"192","2014","III","AdmPublica",136,3,3513,4.11719877946415
"193","2014","IV","Agricultura",282,4,4247,3.47414635253327
"194","2014","IV","Pesca",13,4,4247,3.47414635253327
"195","2014","IV","Mineria",1298,4,4247,3.47414635253327
"196","2014","IV","Manufactura",106,4,4247,3.47414635253327
"197","2014","IV","EGA",76,4,4247,3.47414635253327
"198","2014","IV","Construccion",343,4,4247,3.47414635253327
"199","2014","IV","Com/Rest/Hoteles",332,4,4247,3.47414635253327
"200","2014","IV","Transp/Com",269,4,4247,3.47414635253327
"201","2014","IV","SsFinanEmp",456,4,4247,3.47414635253327
"202","2014","IV","SsVivienda",317,4,4247,3.47414635253327
"203","2014","IV","SsPersonales",522,4,4247,3.47414635253327
"204","2014","IV","AdmPublica",233,4,4247,3.47414635253327
"205","2014","V","Agricultura",473,5,12132,8.29289343473595
"206","2014","V","Pesca",13,5,12132,8.29289343473595
"207","2014","V","Mineria",1206,5,12132,8.29289343473595
"208","2014","V","Manufactura",2256,5,12132,8.29289343473595
"209","2014","V","EGA",468,5,12132,8.29289343473595
"210","2014","V","Construccion",821,5,12132,8.29289343473595
"211","2014","V","Com/Rest/Hoteles",886,5,12132,8.29289343473595
"212","2014","V","Transp/Com",1480,5,12132,8.29289343473595
"213","2014","V","SsFinanEmp",1139,5,12132,8.29289343473595
"214","2014","V","SsVivienda",1183,5,12132,8.29289343473595
"215","2014","V","SsPersonales",1500,5,12132,8.29289343473595
"216","2014","V","AdmPublica",707,5,12132,8.29289343473595
"217","2014","VI","Agricultura",942,6,6731,4.08926200827447
"218","2014","VI","Pesca",2,6,6731,4.08926200827447
"219","2014","VI","Mineria",1527,6,6731,4.08926200827447
"220","2014","VI","Manufactura",756,6,6731,4.08926200827447
"221","2014","VI","EGA",185,6,6731,4.08926200827447
"222","2014","VI","Construccion",496,6,6731,4.08926200827447
"223","2014","VI","Com/Rest/Hoteles",500,6,6731,4.08926200827447
"224","2014","VI","Transp/Com",299,6,6731,4.08926200827447
"225","2014","VI","SsFinanEmp",607,6,6731,4.08926200827447
"226","2014","VI","SsVivienda",403,6,6731,4.08926200827447
"227","2014","VI","SsPersonales",770,6,6731,4.08926200827447
"228","2014","VI","AdmPublica",244,6,6731,4.08926200827447
"229","2014","VII","Agricultura",606,7,4626,2.59880953644737
"230","2014","VII","Pesca",1,7,4626,2.59880953644737
"231","2014","VII","Mineria",60,7,4626,2.59880953644737
"232","2014","VII","Manufactura",669,7,4626,2.59880953644737
"233","2014","VII","EGA",373,7,4626,2.59880953644737
"234","2014","VII","Construccion",382,7,4626,2.59880953644737
"235","2014","VII","Com/Rest/Hoteles",366,7,4626,2.59880953644737
"236","2014","VII","Transp/Com",340,7,4626,2.59880953644737
"237","2014","VII","SsFinanEmp",357,7,4626,2.59880953644737
"238","2014","VII","SsVivienda",433,7,4626,2.59880953644737
"239","2014","VII","SsPersonales",718,7,4626,2.59880953644737
"240","2014","VII","AdmPublica",321,7,4626,2.59880953644737
"241","2014","VIII","Agricultura",600,8,10907,5.55997861290292
"242","2014","VIII","Pesca",134,8,10907,5.55997861290292
"243","2014","VIII","Mineria",4,8,10907,5.55997861290292
"244","2014","VIII","Manufactura",2683,8,10907,5.55997861290292
"245","2014","VIII","EGA",759,8,10907,5.55997861290292
"246","2014","VIII","Construccion",749,8,10907,5.55997861290292
"247","2014","VIII","Com/Rest/Hoteles",763,8,10907,5.55997861290292
"248","2014","VIII","Transp/Com",888,8,10907,5.55997861290292
"249","2014","VIII","SsFinanEmp",953,8,10907,5.55997861290292
"250","2014","VIII","SsVivienda",992,8,10907,5.55997861290292
"251","2014","VIII","SsPersonales",1672,8,10907,5.55997861290292
"252","2014","VIII","AdmPublica",710,8,10907,5.55997861290292
"253","2014","IX","Agricultura",381,9,3535,1.66730619027565
"254","2014","IX","Pesca",0,9,3535,1.66730619027565
"255","2014","IX","Mineria",0,9,3535,1.66730619027565
"256","2014","IX","Manufactura",406,9,3535,1.66730619027565
"257","2014","IX","EGA",51,9,3535,1.66730619027565
"258","2014","IX","Construccion",310,9,3535,1.66730619027565
"259","2014","IX","Com/Rest/Hoteles",323,9,3535,1.66730619027565
"260","2014","IX","Transp/Com",282,9,3535,1.66730619027565
"261","2014","IX","SsFinanEmp",311,9,3535,1.66730619027565
"262","2014","IX","SsVivienda",368,9,3535,1.66730619027565
"263","2014","IX","SsPersonales",754,9,3535,1.66730619027565
"264","2014","IX","AdmPublica",349,9,3535,1.66730619027565
"265","2014","X","Agricultura",290,10,4608,1.90631986757804
"266","2014","X","Pesca",529,10,4608,1.90631986757804
"267","2014","X","Mineria",0,10,4608,1.90631986757804
"268","2014","X","Manufactura",964,10,4608,1.90631986757804
"269","2014","X","EGA",109,10,4608,1.90631986757804
"270","2014","X","Construccion",286,10,4608,1.90631986757804
"271","2014","X","Com/Rest/Hoteles",345,10,4608,1.90631986757804
"272","2014","X","Transp/Com",376,10,4608,1.90631986757804
"273","2014","X","SsFinanEmp",398,10,4608,1.90631986757804
"274","2014","X","SsVivienda",302,10,4608,1.90631986757804
"275","2014","X","SsPersonales",678,10,4608,1.90631986757804
"276","2014","X","AdmPublica",331,10,4608,1.90631986757804
"277","2014","XI","Agricultura",17,11,1022,0.341151979531471
"278","2014","XI","Pesca",431,11,1022,0.341151979531471
"279","2014","XI","Mineria",25,11,1022,0.341151979531471
"280","2014","XI","Manufactura",39,11,1022,0.341151979531471
"281","2014","XI","EGA",6,11,1022,0.341151979531471
"282","2014","XI","Construccion",55,11,1022,0.341151979531471
"283","2014","XI","Com/Rest/Hoteles",49,11,1022,0.341151979531471
"284","2014","XI","Transp/Com",62,11,1022,0.341151979531471
"285","2014","XI","SsFinanEmp",76,11,1022,0.341151979531471
"286","2014","XI","SsVivienda",43,11,1022,0.341151979531471
"287","2014","XI","SsPersonales",99,11,1022,0.341151979531471
"288","2014","XI","AdmPublica",120,11,1022,0.341151979531471
"289","2014","XII","Agricultura",38,12,1553,0.435001056587419
"290","2014","XII","Pesca",40,12,1553,0.435001056587419
"291","2014","XII","Mineria",163,12,1553,0.435001056587419
"292","2014","XII","Manufactura",279,12,1553,0.435001056587419
"293","2014","XII","EGA",38,12,1553,0.435001056587419
"294","2014","XII","Construccion",121,12,1553,0.435001056587419
"295","2014","XII","Com/Rest/Hoteles",122,12,1553,0.435001056587419
"296","2014","XII","Transp/Com",120,12,1553,0.435001056587419
"297","2014","XII","SsFinanEmp",188,12,1553,0.435001056587419
"298","2014","XII","SsVivienda",110,12,1553,0.435001056587419
"299","2014","XII","SsPersonales",161,12,1553,0.435001056587419
"300","2014","XII","AdmPublica",173,12,1553,0.435001056587419
"301","2014","RMS","Agricultura",535,13,61666,39.7703763299238
"302","2014","RMS","Pesca",0,13,61666,39.7703763299238
"303","2014","RMS","Mineria",1260,13,61666,39.7703763299238
"304","2014","RMS","Manufactura",6901,13,61666,39.7703763299238
"305","2014","RMS","EGA",880,13,61666,39.7703763299238
"306","2014","RMS","Construccion",2989,13,61666,39.7703763299238
"307","2014","RMS","Com/Rest/Hoteles",11629,13,61666,39.7703763299238
"308","2014","RMS","Transp/Com",5915,13,61666,39.7703763299238
"309","2014","RMS","SsFinanEmp",15251,13,61666,39.7703763299238
"310","2014","RMS","SsVivienda",5737,13,61666,39.7703763299238
"311","2014","RMS","SsPersonales",7873,13,61666,39.7703763299238
"312","2014","RMS","AdmPublica",2696,13,61666,39.7703763299238
"313","2015","I","Agricultura",3,1,3420,8.13535152786725
"314","2015","I","Pesca",29,1,3420,8.13535152786725
"315","2015","I","Mineria",1084,1,3420,8.13535152786725
"316","2015","I","Manufactura",212,1,3420,8.13535152786725
"317","2015","I","EGA",63,1,3420,8.13535152786725
"318","2015","I","Construccion",285,1,3420,8.13535152786725
"319","2015","I","Com/Rest/Hoteles",396,1,3420,8.13535152786725
"320","2015","I","Transp/Com",258,1,3420,8.13535152786725
"321","2015","I","SsFinanEmp",394,1,3420,8.13535152786725
"322","2015","I","SsVivienda",180,1,3420,8.13535152786725
"323","2015","I","SsPersonales",314,1,3420,8.13535152786725
"324","2015","I","AdmPublica",202,1,3420,8.13535152786725
"325","2015","II","Agricultura",4,2,14539,34.5847590244625
"326","2015","II","Pesca",12,2,14539,34.5847590244625
"327","2015","II","Mineria",7047,2,14539,34.5847590244625
"328","2015","II","Manufactura",729,2,14539,34.5847590244625
"329","2015","II","EGA",526,2,14539,34.5847590244625
"330","2015","II","Construccion",1919,2,14539,34.5847590244625
"331","2015","II","Com/Rest/Hoteles",558,2,14539,34.5847590244625
"332","2015","II","Transp/Com",743,2,14539,34.5847590244625
"333","2015","II","SsFinanEmp",1735,2,14539,34.5847590244625
"334","2015","II","SsVivienda",331,2,14539,34.5847590244625
"335","2015","II","SsPersonales",700,2,14539,34.5847590244625
"336","2015","II","AdmPublica",235,2,14539,34.5847590244625
"337","2015","III","Agricultura",95,3,3212,3.76442996858493
"338","2015","III","Pesca",12,3,3212,3.76442996858493
"339","2015","III","Mineria",975,3,3212,3.76442996858493
"340","2015","III","Manufactura",66,3,3212,3.76442996858493
"341","2015","III","EGA",225,3,3212,3.76442996858493
"342","2015","III","Construccion",407,3,3212,3.76442996858493
"343","2015","III","Com/Rest/Hoteles",151,3,3212,3.76442996858493
"344","2015","III","Transp/Com",171,3,3212,3.76442996858493
"345","2015","III","SsFinanEmp",579,3,3212,3.76442996858493
"346","2015","III","SsVivienda",152,3,3212,3.76442996858493
"347","2015","III","SsPersonales",230,3,3212,3.76442996858493
"348","2015","III","AdmPublica",149,3,3212,3.76442996858493
"349","2015","IV","Agricultura",329,4,4300,3.51750160487239
"350","2015","IV","Pesca",10,4,4300,3.51750160487239
"351","2015","IV","Mineria",1035,4,4300,3.51750160487239
"352","2015","IV","Manufactura",106,4,4300,3.51750160487239
"353","2015","IV","EGA",113,4,4300,3.51750160487239
"354","2015","IV","Construccion",386,4,4300,3.51750160487239
"355","2015","IV","Com/Rest/Hoteles",349,4,4300,3.51750160487239
"356","2015","IV","Transp/Com",307,4,4300,3.51750160487239
"357","2015","IV","SsFinanEmp",484,4,4300,3.51750160487239
"358","2015","IV","SsVivienda",358,4,4300,3.51750160487239
"359","2015","IV","SsPersonales",567,4,4300,3.51750160487239
"360","2015","IV","AdmPublica",256,4,4300,3.51750160487239
"361","2015","V","Agricultura",546,5,13260,9.06394386289142
"362","2015","V","Pesca",12,5,13260,9.06394386289142
"363","2015","V","Mineria",1043,5,13260,9.06394386289142
"364","2015","V","Manufactura",2570,5,13260,9.06394386289142
"365","2015","V","EGA",613,5,13260,9.06394386289142
"366","2015","V","Construccion",942,5,13260,9.06394386289142
"367","2015","V","Com/Rest/Hoteles",943,5,13260,9.06394386289142
"368","2015","V","Transp/Com",1641,5,13260,9.06394386289142
"369","2015","V","SsFinanEmp",1225,5,13260,9.06394386289142
"370","2015","V","SsVivienda",1320,5,13260,9.06394386289142
"371","2015","V","SsPersonales",1628,5,13260,9.06394386289142
"372","2015","V","AdmPublica",777,5,13260,9.06394386289142
"373","2015","VI","Agricultura",1085,6,7303,4.4367672628775
"374","2015","VI","Pesca",1,6,7303,4.4367672628775
"375","2015","VI","Mineria",1383,6,7303,4.4367672628775
"376","2015","VI","Manufactura",891,6,7303,4.4367672628775
"377","2015","VI","EGA",225,6,7303,4.4367672628775
"378","2015","VI","Construccion",638,6,7303,4.4367672628775
"379","2015","VI","Com/Rest/Hoteles",518,6,7303,4.4367672628775
"380","2015","VI","Transp/Com",343,6,7303,4.4367672628775
"381","2015","VI","SsFinanEmp",670,6,7303,4.4367672628775
"382","2015","VI","SsVivienda",450,6,7303,4.4367672628775
"383","2015","VI","SsPersonales",832,6,7303,4.4367672628775
"384","2015","VI","AdmPublica",267,6,7303,4.4367672628775
"385","2015","VII","Agricultura",740,7,5352,3.00666421077958
"386","2015","VII","Pesca",1,7,5352,3.00666421077958
"387","2015","VII","Mineria",103,7,5352,3.00666421077958
"388","2015","VII","Manufactura",818,7,5352,3.00666421077958
"389","2015","VII","EGA",406,7,5352,3.00666421077958
"390","2015","VII","Construccion",476,7,5352,3.00666421077958
"391","2015","VII","Com/Rest/Hoteles",391,7,5352,3.00666421077958
"392","2015","VII","Transp/Com",382,7,5352,3.00666421077958
"393","2015","VII","SsFinanEmp",413,7,5352,3.00666421077958
"394","2015","VII","SsVivienda",484,7,5352,3.00666421077958
"395","2015","VII","SsPersonales",778,7,5352,3.00666421077958
"396","2015","VII","AdmPublica",360,7,5352,3.00666421077958
"397","2015","VIII","Agricultura",693,8,11954,6.09369985684804
"398","2015","VIII","Pesca",103,8,11954,6.09369985684804
"399","2015","VIII","Mineria",3,8,11954,6.09369985684804
"400","2015","VIII","Manufactura",2928,8,11954,6.09369985684804
"401","2015","VIII","EGA",827,8,11954,6.09369985684804
"402","2015","VIII","Construccion",834,8,11954,6.09369985684804
"403","2015","VIII","Com/Rest/Hoteles",805,8,11954,6.09369985684804
"404","2015","VIII","Transp/Com",1027,8,11954,6.09369985684804
"405","2015","VIII","SsFinanEmp",1046,8,11954,6.09369985684804
"406","2015","VIII","SsVivienda",1105,8,11954,6.09369985684804
"407","2015","VIII","SsPersonales",1813,8,11954,6.09369985684804
"408","2015","VIII","AdmPublica",770,8,11954,6.09369985684804
"409","2015","IX","Agricultura",441,9,4026,1.89888959605368
"410","2015","IX","Pesca",0,9,4026,1.89888959605368
"411","2015","IX","Mineria",0,9,4026,1.89888959605368
"412","2015","IX","Manufactura",492,9,4026,1.89888959605368
"413","2015","IX","EGA",73,9,4026,1.89888959605368
"414","2015","IX","Construccion",350,9,4026,1.89888959605368
"415","2015","IX","Com/Rest/Hoteles",360,9,4026,1.89888959605368
"416","2015","IX","Transp/Com",333,9,4026,1.89888959605368
"417","2015","IX","SsFinanEmp",359,9,4026,1.89888959605368
"418","2015","IX","SsVivienda",412,9,4026,1.89888959605368
"419","2015","IX","SsPersonales",821,9,4026,1.89888959605368
"420","2015","IX","AdmPublica",385,9,4026,1.89888959605368
"421","2015","X","Agricultura",293,10,4867,2.01346762055172
"422","2015","X","Pesca",427,10,4867,2.01346762055172
"423","2015","X","Mineria",0,10,4867,2.01346762055172
"424","2015","X","Manufactura",1004,10,4867,2.01346762055172
"425","2015","X","EGA",125,10,4867,2.01346762055172
"426","2015","X","Construccion",332,10,4867,2.01346762055172
"427","2015","X","Com/Rest/Hoteles",369,10,4867,2.01346762055172
"428","2015","X","Transp/Com",433,10,4867,2.01346762055172
"429","2015","X","SsFinanEmp",433,10,4867,2.01346762055172
"430","2015","X","SsVivienda",338,10,4867,2.01346762055172
"431","2015","X","SsPersonales",750,10,4867,2.01346762055172
"432","2015","X","AdmPublica",363,10,4867,2.01346762055172
"433","2015","XI","Agricultura",17,11,975,0.325462994171414
"434","2015","XI","Pesca",336,11,975,0.325462994171414
"435","2015","XI","Mineria",16,11,975,0.325462994171414
"436","2015","XI","Manufactura",39,11,975,0.325462994171414
"437","2015","XI","EGA",7,11,975,0.325462994171414
"438","2015","XI","Construccion",61,11,975,0.325462994171414
"439","2015","XI","Com/Rest/Hoteles",56,11,975,0.325462994171414
"440","2015","XI","Transp/Com",71,11,975,0.325462994171414
"441","2015","XI","SsFinanEmp",80,11,975,0.325462994171414
"442","2015","XI","SsVivienda",47,11,975,0.325462994171414
"443","2015","XI","SsPersonales",112,11,975,0.325462994171414
"444","2015","XI","AdmPublica",133,11,975,0.325462994171414
"445","2015","XII","Agricultura",38,12,1617,0.452927693819612
"446","2015","XII","Pesca",42,12,1617,0.452927693819612
"447","2015","XII","Mineria",76,12,1617,0.452927693819612
"448","2015","XII","Manufactura",306,12,1617,0.452927693819612
"449","2015","XII","EGA",38,12,1617,0.452927693819612
"450","2015","XII","Construccion",150,12,1617,0.452927693819612
"451","2015","XII","Com/Rest/Hoteles",138,12,1617,0.452927693819612
"452","2015","XII","Transp/Com",139,12,1617,0.452927693819612
"453","2015","XII","SsFinanEmp",205,12,1617,0.452927693819612
"454","2015","XII","SsVivienda",122,12,1617,0.452927693819612
"455","2015","XII","SsPersonales",175,12,1617,0.452927693819612
"456","2015","XII","AdmPublica",188,12,1617,0.452927693819612
"457","2015","RMS","Agricultura",626,13,66614,42.9614998352665
"458","2015","RMS","Pesca",0,13,66614,42.9614998352665
"459","2015","RMS","Mineria",1158,13,66614,42.9614998352665
"460","2015","RMS","Manufactura",7400,13,66614,42.9614998352665
"461","2015","RMS","EGA",1146,13,66614,42.9614998352665
"462","2015","RMS","Construccion",3381,13,66614,42.9614998352665
"463","2015","RMS","Com/Rest/Hoteles",12043,13,66614,42.9614998352665
"464","2015","RMS","Transp/Com",6633,13,66614,42.9614998352665
"465","2015","RMS","SsFinanEmp",16388,13,66614,42.9614998352665
"466","2015","RMS","SsVivienda",6402,13,66614,42.9614998352665
"467","2015","RMS","SsPersonales",8514,13,66614,42.9614998352665
"468","2015","RMS","AdmPublica",2923,13,66614,42.9614998352665
